M12S1;1203;
M8000S13;8193;
M11S7;1135;
8104;8087;8088;M8000S10;
M11S8;1185;1190;1191;
M11S99;1195;
M11S3;1106;
1189;1125;M11S5;
1170;1127;1122;1129;1119;1163;M11S6;1126;1143;1120;
M11S2;1124;
M40S1;40;
3919;M39S5;3920;
3917;M39S4;
3914;3915;M39S3;
99;9901;M99S1;
M98S9800;98;
62;M62S1;6201;
M3S99;364;
384;M3S9;383;
305;M3S6;325;
M3S7;356;
M3S5;399;
M3S3;349;
M3S1;302;
M3S10;318;
354;M3S11;
M37S4;3705;
M37S3;3712;
3411;3412;3405;3403;3409;3418;3417;M34S2;
3408;3407;M34S1;3401;3406;
3340;3342;3300;M33S4;
3323;3335;M33S3;
M33S2;3309;
M13S4;1335;
3503;M35S3;
3502;M35S2;
M35S1;3501;3504;
3415;M34S3;3404;3414;3416;3413;
M12S99;1201;1250;1202;
3912;M39S2;3908;3909;3910;3913;3911;3906;3907;
3905;3901;3903;M39S1;3902;3904;
M38S5;3810;
M38S4;3813;3807;3808;
3805;M38S3;
3809;3801;3817;M38S2;3804;3802;3811;3806;
M38S1;3803;
M12S6;1234;1235;1252;1237;1238;1241;1236;
3013;M30S3;3012;3011;3014;
3007;M30S2;
3010;M30S1;
2903;M29S3;
M29S2;2905;2904;
535;M5S4;
425;M4S3;
M4S99;401;
1207;M12S3;
1270;M12S4;
406;M4S2;
1755;M17S4;
880;M8S3;
729;M7S99;
809;M8S2;
2604;M26S6;
M26S4;2600;
2607;2601;2610;2620;M26S3;2611;
2705;2711;M27S1;
M29S1;2901;2902;
2809;M28S3;2810;
2803;2802;2808;2811;2805;2804;2807;M28S2;2806;
M28S1;2800;2801;
2704;M27S4;2710;
M27S3;2706;2709;2701;2703;2708;
2707;M27S2;2702;
2513;2514;M25S4;2528;
M25S3;2561;2585;
2574;2576;M25S2;
M15S1;1520;
1501;M15S2;
1502;M15S3;
2624;M26S24;
2605;2612;M26S2;2603;2614;
2602;M26S1;
M25S5;2500;
M15S4;1504;
1506;1511;1523;1525;1508;M15S5;
16;1600;M16S1;
M14S4;1445;
8398;M8000S20;
2107;2131;2113;M21S2;
2104;2103;2128;2119;2110;2129;M21S1;2101;2112;2108;2102;
M20S8;2097;
2069;M20S4;
2111;2116;2114;2134;2115;2122;2133;M21S4;2121;
2117;2130;2100;2132;M21S3;2120;2123;2118;
2506;2503;2502;2530;2550;2554;2518;2512;2523;2508;2509;2505;M25S1;2536;2560;2548;2552;2526;2507;2510;2516;2534;2511;2515;2501;2504;2557;
M23S1;2329;23;
M21S5;2127;2124;2135;2106;
746;M7S7;
M7S4;740;
617;M6S3;614;
M6S4;628;
M7S1;705;
M6S2;605;
538;566;568;M5S8;
551;M5S90;
631;632;M6S1;604;
M19S7;1900;
M20S1;2046;
M19S6;1906;
1041;1076;M10S4;1017;1027;1026;1063;1058;
1067;M10S6;
1913;M19S2;
1905;M19S4;
1901;1903;1908;M19S5;1958;
1006;1002;1020;1004;M10S2;
M18S4;1809;
1907;M19S1;
M18S3;1807;
1707;M17S7;
1781;M17S8;
M8000S17;8246;
8244;M8000S16;
M9S99;976;962;926;
